City_ID,City,Country,Lat,Lng,Max Temp,Humidity,Cloudiness,Wind Speed,Current Description
0,Clyde River,CA,70.4692,-68.5914,43.03,70,100,9.22,light rain
1,Berdigestyakh,RU,62.0989,126.6992,54.48,94,60,8.34,light rain
2,Tiksi,RU,71.6872,128.8694,38.75,92,82,15.39,broken clouds
3,Arraial Do Cabo,BR,-22.9661,-42.0278,84.16,51,0,13.8,clear sky
4,Ostrovnoy,RU,68.0531,39.5131,62.38,63,91,8.39,overcast clouds
5,Bredasdorp,ZA,-34.5322,20.0403,53.11,88,50,4.63,scattered clouds
6,Chato,TZ,-2.6378,31.7669,72.75,45,9,2.17,clear sky
7,Barrow,US,71.2906,-156.7887,46.42,87,20,4.61,few clouds
8,Dikson,RU,73.5069,80.5464,37.08,88,100,9.91,light rain
9,Sungurlu,TR,40.1675,34.3739,75.38,45,1,7.52,clear sky
10,Kabo,CF,7.6994,18.629,80.49,71,43,0.38,scattered clouds
11,Hithadhoo,MV,-0.6,73.0833,82.85,76,100,5.66,overcast clouds
12,Mogadishu,SO,2.0371,45.3438,76.6,81,37,20.49,light rain
13,Provideniya,RU,64.3833,-173.3,52.02,82,94,3.71,overcast clouds
14,Morondava,MG,-20.2833,44.2833,73.62,79,0,15.1,clear sky
15,Ribeira Grande,PT,38.5167,-28.7,72.0,64,20,17.27,few clouds
16,Hobart,AU,-42.8794,147.3294,46.26,90,93,3.0,overcast clouds
17,Auchi,NG,7.0667,6.2667,79.5,83,95,6.2,light rain
18,Cape Town,ZA,-33.9258,18.4232,60.39,87,40,6.91,scattered clouds
19,Husavik,IS,66.0449,-17.3389,50.7,93,100,4.23,overcast clouds
20,Esperance,AU,-33.8667,121.9,56.14,74,100,15.21,overcast clouds
21,Albany,US,42.6001,-73.9662,82.02,53,40,1.99,scattered clouds
22,Ushuaia,AR,-54.8,-68.3,33.46,69,20,3.44,few clouds
23,New Norfolk,AU,-42.7826,147.0587,45.91,86,91,3.47,light rain
24,Qaanaaq,GL,77.484,-69.3632,43.38,65,40,1.63,scattered clouds
25,Rikitea,PF,-23.1203,-134.9692,73.94,78,86,22.35,light rain
26,Najran,SA,17.4924,44.1277,93.85,15,100,12.53,overcast clouds
27,Vaini,TO,-21.2,-175.2,69.96,78,20,6.91,few clouds
28,Carlsbad,US,33.1581,-117.3506,85.35,80,20,6.91,few clouds
29,Tevaitoa,PF,-16.7833,-151.5,78.44,70,9,8.59,clear sky
30,Alofi,NU,-19.0595,-169.9187,64.29,82,61,3.44,broken clouds
31,Maltahohe,NA,-24.8333,16.9833,63.23,20,0,5.82,clear sky
32,Mataura,NZ,-46.1927,168.8643,46.47,94,100,11.41,overcast clouds
33,Lazaro Cardenas,MX,17.9583,-102.2,85.44,65,99,1.86,overcast clouds
34,Coahuayana,MX,18.7333,-103.6833,89.73,56,87,2.71,overcast clouds
35,Zeya,RU,53.75,127.2667,60.3,78,53,2.91,broken clouds
36,Saint-Denis,FR,48.9167,2.3333,71.19,58,100,14.97,overcast clouds
37,Saskylakh,RU,71.9167,114.0833,42.15,46,19,8.75,few clouds
38,Richards Bay,ZA,-28.783,32.0377,65.82,84,0,4.34,clear sky
39,San Antonio,US,29.4241,-98.4936,94.06,54,20,9.22,few clouds
40,Sokoto,NG,13.0609,5.239,97.21,30,84,3.96,broken clouds
41,Tasiilaq,GL,65.6145,-37.6368,40.21,86,100,6.11,overcast clouds
42,Oranjestad,AW,12.524,-70.027,85.95,70,40,24.16,scattered clouds
43,Minot,US,48.2325,-101.2963,66.31,88,100,13.8,heavy intensity rain
44,Luanda,AO,-8.8368,13.2343,69.85,83,16,13.31,few clouds
45,Jiujiang,CN,29.7333,115.9833,80.2,90,9,4.43,clear sky
46,Billings,US,45.7833,-108.5007,77.5,59,25,1.01,scattered clouds
47,Bethel,US,41.3712,-73.414,81.52,63,67,3.0,broken clouds
48,Sooke,CA,48.3746,-123.7276,65.3,79,67,6.6,broken clouds
49,Carnarvon,AU,-24.8667,113.6333,66.52,25,0,7.58,clear sky
50,Gamba,GA,-2.65,10.0,72.21,83,84,9.73,broken clouds
51,Fairbanks,US,64.8378,-147.7164,63.3,83,75,5.75,smoke
52,Puerto Ayora,EC,-0.7393,-90.3518,73.36,88,91,5.99,overcast clouds
53,Punta Arenas,CL,-53.15,-70.9167,32.11,86,20,10.36,few clouds
54,Voh,NC,-20.9667,164.7,71.85,90,60,4.47,broken clouds
55,Chokurdakh,RU,70.6333,147.9167,50.45,69,95,6.6,overcast clouds
56,Giyon,ET,8.5333,37.9833,58.06,97,89,3.71,light rain
57,Lagoa,PT,39.05,-27.9833,66.18,78,99,13.42,overcast clouds
58,Port-Gentil,GA,-0.7193,8.7815,75.16,83,100,11.5,overcast clouds
59,Kapaa,US,22.0752,-159.319,75.18,94,100,1.99,overcast clouds
60,Waingapu,ID,-9.6567,120.2641,70.47,84,87,7.78,overcast clouds
61,Tuktoyaktuk,CA,69.4541,-133.0374,60.8,88,0,10.36,clear sky
62,Sobolevo,RU,54.4299,31.8996,62.24,84,98,3.89,overcast clouds
63,East London,ZA,-33.0153,27.9116,58.14,94,0,2.3,clear sky
64,Avarua,CK,-21.2078,-159.775,69.85,73,73,4.61,broken clouds
65,Atuona,PF,-9.8,-139.0333,77.5,75,31,22.7,scattered clouds
66,Port Alfred,ZA,-33.5906,26.891,62.1,64,26,2.28,scattered clouds
67,Pochutla,MX,15.7432,-96.4661,82.81,67,100,1.99,overcast clouds
68,Luderitz,NA,-26.6481,15.1594,59.86,62,0,11.59,clear sky
69,Turukhansk,RU,65.8167,87.9833,52.41,72,96,6.08,overcast clouds
70,Doha,QA,25.2867,51.5333,93.18,75,80,6.91,broken clouds
71,Itarema,BR,-2.9248,-39.9167,83.8,63,87,16.96,overcast clouds
72,Vila Velha,BR,-20.3297,-40.2925,82.35,70,20,12.66,few clouds
73,Vao,NC,-22.6667,167.4833,74.35,91,65,13.0,broken clouds
74,Vaitape,PF,-16.5167,-151.75,78.13,73,13,7.02,few clouds
75,Liverpool,GB,53.4106,-2.9779,67.42,75,75,14.97,broken clouds
76,Mahebourg,MU,-20.4081,57.7,70.09,68,75,16.11,broken clouds
77,Hermanus,ZA,-34.4187,19.2345,57.79,85,89,3.58,overcast clouds
78,Gigmoto,PH,13.7796,124.39,80.17,83,100,3.71,light rain
79,Jinchang,CN,38.4953,102.1739,76.75,23,54,2.44,broken clouds
80,Svetlyy,RU,54.675,20.1347,66.96,66,99,10.54,overcast clouds
81,Hilo,US,19.7297,-155.09,72.25,79,75,4.61,broken clouds
82,Port Elizabeth,ZA,-33.918,25.5701,56.1,100,0,6.91,clear sky
83,Yellowknife,CA,62.456,-114.3525,72.12,43,0,8.05,smoke
84,Asau,RO,46.4333,26.4,70.72,58,84,5.5,broken clouds
85,Baherden,TM,38.4362,57.4316,83.14,18,0,7.11,clear sky
86,Zhaoyuan,CN,37.3592,120.3964,73.81,70,0,4.18,clear sky
87,Upernavik,GL,72.7868,-56.1549,39.11,88,70,12.57,broken clouds
88,Nanortalik,GL,60.1432,-45.2371,45.05,88,70,4.99,broken clouds
89,Hasaki,JP,35.7333,140.8333,72.28,91,45,18.59,scattered clouds
90,Fortuna,US,40.5982,-124.1573,61.93,92,100,1.01,overcast clouds
91,Tautira,PF,-17.7333,-149.15,78.06,69,12,14.61,few clouds
92,Butaritari,KI,3.0707,172.7902,81.55,78,100,17.2,overcast clouds
93,Poplar Bluff,US,36.757,-90.3929,100.33,66,0,1.01,clear sky
94,Atar,MR,20.5169,-13.0499,110.34,11,14,15.79,few clouds
95,Fort Nelson,CA,58.8053,-122.7002,69.39,60,20,6.91,few clouds
96,Marsa,MT,35.8792,14.4953,92.21,43,0,8.05,clear sky
97,Prince George,CA,53.9166,-122.753,62.26,87,40,3.44,scattered clouds
98,Taixing,CN,32.1667,120.0136,80.35,89,31,5.73,scattered clouds
99,Kondinskoye,RU,59.6481,67.41,63.48,65,58,0.85,broken clouds
100,Vardo,NO,70.3705,31.1107,57.18,77,0,4.61,clear sky
101,Sechura,PE,-5.5569,-80.8222,73.24,58,0,7.65,clear sky
102,Marawi,PH,7.9986,124.2928,70.14,93,100,5.17,overcast clouds
103,Shache,CN,38.4167,77.2406,87.87,19,99,3.56,overcast clouds
104,Kaveripattinam,IN,12.4207,78.2166,75.04,76,99,14.74,moderate rain
105,Goiana,BR,-7.5606,-35.0025,75.72,86,93,11.99,overcast clouds
106,Ugoofaaru,MV,5.6667,73.0,82.76,79,100,14.41,moderate rain
107,Isangel,VU,-19.55,169.2667,74.77,90,100,3.71,overcast clouds
108,Canavieiras,BR,-15.675,-38.9472,78.76,79,80,2.04,broken clouds
109,Auki,SB,-8.7676,160.7034,76.62,88,95,4.36,overcast clouds
110,Castro,BR,-24.7911,-50.0119,71.04,47,57,9.19,broken clouds
111,Lakshettipet,IN,18.8667,79.2167,80.02,85,100,9.26,overcast clouds
112,Tuatapere,NZ,-46.1333,167.6833,40.14,93,100,5.99,overcast clouds
113,Sangar,RU,63.9242,127.4739,60.03,98,97,8.93,light rain
114,Tres Arroyos,AR,-38.3739,-60.2798,51.98,23,1,20.98,clear sky
115,Torbay,CA,47.6666,-52.7314,65.17,93,100,16.11,overcast clouds
116,Aksu,CN,41.1231,80.2644,84.69,29,68,10.78,broken clouds
117,Broome,US,42.2506,-75.833,79.81,63,58,3.0,broken clouds
118,Mayo,US,38.8876,-76.5119,80.13,82,96,5.01,overcast clouds
119,Cayenne,GF,4.9333,-52.3333,86.04,26,75,16.11,broken clouds
120,Worthington,US,40.0931,-83.018,84.87,58,100,3.0,overcast clouds
121,Touros,BR,-5.1989,-35.4608,82.04,71,49,13.62,scattered clouds
122,Uyemskiy,RU,64.4743,40.8524,59.05,100,100,4.47,mist
123,Saldanha,ZA,-33.0117,17.9442,59.05,82,7,2.66,clear sky
124,Khatanga,RU,71.9667,102.5,45.03,47,39,8.3,scattered clouds
125,Bambous Virieux,MU,-20.3428,57.7575,70.05,68,75,16.11,broken clouds
126,Kincardine,GB,56.0667,-3.7167,75.92,70,51,12.88,broken clouds
127,Bluff,NZ,-46.6,168.3333,46.8,81,100,24.61,overcast clouds
128,Dembi Dolo,ET,8.5333,34.8,56.68,97,100,2.77,overcast clouds
129,Norman Wells,CA,65.282,-126.8329,71.64,56,40,5.75,scattered clouds
130,Marystown,CA,47.1666,-55.1483,61.86,100,100,5.99,overcast clouds
131,Songkhla,TH,6.8333,100.6667,80.65,91,96,3.71,overcast clouds
132,Llanes,ES,43.4198,-4.7549,70.9,78,2,7.67,clear sky
133,Bardiyah,LY,31.7561,25.0865,80.92,74,0,14.79,clear sky
134,Busselton,AU,-33.65,115.3333,51.21,79,77,5.32,broken clouds
135,Praia Da Vitoria,PT,38.7333,-27.0667,73.76,78,75,11.32,broken clouds
136,Payo,ID,-3.7508,103.6372,74.34,92,38,1.99,scattered clouds
137,Srednekolymsk,RU,67.45,153.6833,53.15,69,99,14.47,overcast clouds
138,Richmond,US,37.5538,-77.4603,87.4,72,100,4.97,overcast clouds
139,Puerto Escondido,MX,15.85,-97.0667,82.15,71,99,2.66,overcast clouds
140,Karratha,AU,-20.7377,116.8463,63.18,45,0,5.03,clear sky
141,Steamboat Springs,US,40.485,-106.8317,73.71,49,0,3.44,clear sky
142,Qena,EG,26.1615,32.7183,96.69,11,9,13.22,clear sky
143,Talcahuano,CL,-36.7167,-73.1167,50.05,71,39,4.16,scattered clouds
144,Datong,CN,40.0936,113.2914,75.87,52,0,5.82,clear sky
145,Muscle Shoals,US,34.7448,-87.6675,93.88,72,17,4.0,few clouds
146,Bontang,ID,0.1333,117.5,77.2,90,96,7.74,overcast clouds
147,Hofn,IS,64.2539,-15.2082,53.42,80,31,15.3,scattered clouds
148,Portland,US,45.5234,-122.6762,68.67,81,40,1.99,scattered clouds
149,Lompoc,US,34.6391,-120.4579,73.85,82,100,0.0,overcast clouds
150,Kinna,SE,57.5073,12.6946,67.33,41,68,7.0,broken clouds
151,Seoul,KR,37.5683,126.9778,82.0,89,75,10.36,broken clouds
152,Hudiksvall,SE,61.729,17.1036,61.61,56,67,13.53,broken clouds
153,Nadym,RU,65.5333,72.5167,70.99,60,24,10.87,few clouds
154,Gao,ML,16.6362,1.637,104.22,15,19,5.53,few clouds
155,Tigre,AR,-34.426,-58.5796,56.26,38,0,7.0,clear sky
156,Virginia Beach,US,36.8529,-75.978,93.06,65,93,1.99,overcast clouds
157,Nuuk,GL,64.1835,-51.7216,47.88,81,99,7.9,overcast clouds
158,Severo-Kurilsk,RU,50.6789,156.125,50.4,85,81,8.39,broken clouds
159,Yilan,TW,24.757,121.753,86.02,92,80,3.24,broken clouds
160,Cockburn Town,TC,21.4612,-71.1419,81.7,80,0,18.95,clear sky
161,Gizo,SB,-8.103,156.8419,81.19,78,98,6.62,overcast clouds
162,Georgetown,MY,5.4112,100.3354,83.89,79,20,0.0,few clouds
163,Huarmey,PE,-10.0681,-78.1522,66.38,71,50,7.23,scattered clouds
164,Quelimane,MZ,-17.8786,36.8883,65.62,86,23,3.74,few clouds
165,Forbes,AU,-33.3833,148.0167,40.91,91,1,6.04,clear sky
166,Mendi,PG,-6.1761,143.6513,54.46,98,99,1.88,overcast clouds
167,Talnakh,RU,69.4865,88.3972,52.92,53,50,2.08,scattered clouds
168,Obo,CF,5.3998,26.4869,76.77,70,91,3.87,overcast clouds
169,Bonnyville,CA,54.2668,-110.735,66.0,66,50,13.38,scattered clouds
170,Hovd,MN,48.0056,91.6419,64.31,40,46,3.29,scattered clouds
171,Clifton,US,40.8584,-74.1638,82.9,57,75,10.36,broken clouds
172,Enshi,CN,30.3,109.4833,74.44,89,0,0.89,clear sky
173,Victoria,HK,22.2855,114.1577,85.32,88,100,11.99,overcast clouds
174,Rajula,IN,21.05,71.4333,79.72,87,100,15.59,overcast clouds
175,Mar Del Plata,AR,-38.0023,-57.5575,53.1,39,3,23.0,light rain
176,Pucallpa,PE,-8.3791,-74.5539,93.15,42,2,2.44,clear sky
177,Santa Marta,CO,11.2408,-74.199,85.71,70,13,8.19,few clouds
178,Northam,GB,51.0333,-4.2167,68.4,71,6,11.34,clear sky
179,Staunton,US,38.1496,-79.0717,84.16,75,100,1.99,overcast clouds
180,Aklavik,CA,68.2191,-135.0107,79.54,38,41,6.98,scattered clouds
181,Anaconda,US,46.1285,-112.9423,75.31,42,2,2.93,clear sky
182,Kavieng,PG,-2.5744,150.7967,80.35,81,100,12.35,moderate rain
183,Mehamn,NO,71.0357,27.8492,57.15,77,40,11.5,scattered clouds
184,Ixtapa,MX,20.7,-105.2,88.23,64,17,3.0,few clouds
185,Sretensk,RU,52.2453,117.7093,59.58,78,95,5.01,overcast clouds
186,Lubango,AO,-14.9172,13.4925,62.53,32,5,4.52,clear sky
187,Cidreira,BR,-30.1811,-50.2056,66.76,73,100,6.49,moderate rain
188,Camacha,PT,33.0833,-16.3333,71.02,60,40,16.11,scattered clouds
189,Nemuro,JP,43.3236,145.575,56.82,97,100,7.16,overcast clouds
190,Bayeux,BR,-7.125,-34.9322,78.66,84,92,16.46,overcast clouds
191,Yelovo,RU,57.0538,54.9207,64.15,81,0,4.81,clear sky
192,Raudeberg,NO,61.9875,5.1352,52.47,85,82,11.27,broken clouds
193,Aloleng,PH,16.1307,119.7824,78.28,88,100,2.46,overcast clouds
194,Newport,GB,51.5877,-2.9984,77.38,66,6,3.24,clear sky
195,Ilulissat,GL,69.2167,-51.1,44.62,81,75,3.44,broken clouds
196,Lewistown,US,40.5992,-77.5714,82.0,71,100,1.66,overcast clouds
197,San Andres,CO,12.5847,-81.7006,80.62,83,40,9.22,scattered clouds
198,San Patricio,US,28.017,-97.5169,93.29,38,0,12.01,clear sky
199,Santa Cruz Cabralia,BR,-16.2781,-39.0247,76.46,68,74,4.7,broken clouds
200,Vestmannaeyjar,IS,63.4427,-20.2734,50.99,87,75,26.46,drizzle
201,Hami,CN,42.8,93.45,84.97,15,99,20.92,overcast clouds
202,Santo Antonio Do Ica,BR,-3.1022,-67.9397,83.3,76,34,3.42,scattered clouds
203,Saint-Philippe,RE,-21.3585,55.7679,71.19,72,91,15.28,overcast clouds
204,Hearst,CA,49.6835,-83.6665,56.07,87,97,3.24,overcast clouds
205,Ancud,CL,-41.8697,-73.8203,47.23,86,100,16.13,light rain
206,Okha,RU,53.5739,142.9478,63.12,86,67,12.82,broken clouds
207,Gornopravdinsk,RU,60.05,69.9,61.0,70,4,1.03,clear sky
208,San Vicente,AR,-26.6167,-54.1333,75.4,42,92,5.39,overcast clouds
209,Linjiang,CN,41.8069,126.9078,71.11,99,100,1.34,overcast clouds
210,Maba,CN,24.6841,113.5984,76.5,96,100,2.28,light rain
211,Naze,JP,28.3667,129.4833,77.38,90,100,6.24,overcast clouds
212,Pevek,RU,69.7008,170.3133,37.31,83,88,3.74,overcast clouds
213,Varkaus,FI,62.3153,27.873,63.3,81,99,8.9,overcast clouds
214,Kargopol,RU,61.5071,38.9456,63.01,96,90,4.03,overcast clouds
215,Jamestown,US,42.097,-79.2353,81.05,52,55,4.0,broken clouds
216,Tandur,IN,17.2333,77.5833,74.16,94,100,14.41,light rain
217,Ponta Do Sol,PT,32.6667,-17.1,77.72,66,2,1.05,clear sky
218,Lebu,CL,-37.6167,-73.65,50.68,69,50,5.46,scattered clouds
219,Galdar,ES,28.147,-15.6502,76.35,74,33,16.13,scattered clouds
220,Broken Hill,AU,-31.95,141.4333,42.35,83,0,11.5,clear sky
221,Blackwater,AU,-23.5833,148.8833,55.47,76,0,6.76,clear sky
222,Ngunguru,NZ,-35.6167,174.5,60.67,93,100,21.65,light rain
223,Huntsville,US,34.7304,-86.5861,93.54,68,0,10.36,clear sky
224,Dzhebariki-Khaya,RU,62.2167,135.8,67.21,92,95,6.55,overcast clouds
225,Port Lincoln,AU,-34.7333,135.8667,54.79,70,100,10.98,overcast clouds
226,Pisco,PE,-13.7,-76.2167,61.02,89,36,9.8,scattered clouds
227,Bowen,AU,-20.0167,148.2333,57.38,75,0,6.02,clear sky
228,Belomorsk,RU,64.5232,34.7668,66.45,61,98,8.08,light rain
229,Lukovetskiy,RU,64.2956,41.9211,57.27,97,100,5.97,overcast clouds
230,Faanui,PF,-16.4833,-151.75,78.19,73,14,7.25,few clouds
231,Mangan,IN,27.5167,88.5333,78.51,97,92,1.19,overcast clouds
232,Ajaccio,FR,42.0,8.9167,78.85,57,0,11.5,clear sky
233,Bilma,NE,18.6853,12.9164,103.32,9,3,7.16,clear sky
234,Pitlochry,GB,56.7051,-3.7343,72.46,67,36,12.95,scattered clouds
235,Kaitangata,NZ,-46.2817,169.8464,46.35,89,100,17.69,overcast clouds
236,Voiron,FR,45.3639,5.5921,82.58,42,2,5.99,clear sky
237,Abu Samrah,SY,35.3029,37.1841,85.14,29,1,14.76,clear sky
238,Wanning,CN,18.8003,110.3967,81.07,90,100,3.51,overcast clouds
239,Flin Flon,CA,54.7682,-101.865,76.62,30,3,3.18,clear sky
240,Santiago,CL,-33.4569,-70.6483,64.99,59,0,1.14,mist
241,Yeppoon,AU,-23.1333,150.7333,49.78,86,0,5.55,clear sky
242,Tori Fatehpur,IN,25.45,79.1333,95.34,44,65,10.07,broken clouds
243,Vila Do Maio,CV,15.1333,-23.2167,74.77,83,27,16.24,scattered clouds
244,Japura,ID,-0.3167,102.35,75.06,97,43,0.74,light rain
245,Mount Isa,AU,-20.7333,139.5,53.37,66,0,11.5,clear sky
246,Jaora,IN,23.6333,75.1333,78.15,88,97,18.19,moderate rain
247,Taksimo,RU,56.3444,114.8794,53.24,84,100,3.11,overcast clouds
248,Hit,IQ,33.6416,42.8251,99.91,12,0,11.5,clear sky
249,Kieta,PG,-6.2167,155.6333,77.94,86,100,5.77,light rain
250,Kem,RU,64.9555,34.5793,59.56,74,100,6.44,overcast clouds
251,Dauriya,RU,49.9333,116.8667,59.67,89,98,8.3,overcast clouds
252,Kruisfontein,ZA,-34.0033,24.7314,52.88,88,96,3.6,overcast clouds
253,Ahipara,NZ,-35.1667,173.1667,62.51,96,100,20.0,light rain
254,Souillac,MU,-20.5167,57.5167,69.98,66,55,17.6,broken clouds
255,Sao Filipe,CV,14.8961,-24.4956,76.28,74,16,12.55,few clouds
256,Poso,ID,-1.3959,120.7524,76.73,87,100,5.32,moderate rain
257,Kodiak,US,57.79,-152.4072,51.51,98,100,9.15,light rain
258,Kavaratti,IN,10.5669,72.642,81.28,82,100,17.36,heavy intensity rain
259,Ust-Karsk,RU,52.7011,118.8077,57.67,89,84,4.0,broken clouds
260,Mandera,KE,3.9366,41.867,82.47,48,96,17.72,overcast clouds
261,Oshawa,CA,43.9001,-78.8496,79.9,60,0,6.91,clear sky
262,Yibin,CN,28.7667,104.6238,80.29,78,0,2.17,clear sky
263,Birjand,IR,32.8663,59.2211,76.98,21,0,7.94,clear sky
264,Kualakapuas,ID,-3.0091,114.3876,73.29,96,100,2.86,overcast clouds
265,Nikolskoye,RU,59.7035,30.7861,68.88,58,79,4.68,broken clouds
266,Uvat,RU,59.1433,68.8953,60.66,72,44,2.17,scattered clouds
267,Kharp,RU,66.8014,65.8081,67.35,80,100,4.97,overcast clouds
268,Bhainsdehi,IN,21.6467,77.6325,74.05,90,100,9.44,overcast clouds
269,Aykhal,RU,66.0,111.5,50.27,75,39,6.38,scattered clouds
270,Ewa Beach,US,21.3156,-158.0072,73.35,88,100,4.61,light rain
271,Soyo,AO,-6.1349,12.3689,72.23,78,84,8.41,broken clouds
272,Gladstone,AU,-23.85,151.25,55.33,82,0,4.61,clear sky
273,Tashtyp,RU,52.7939,89.8983,56.52,88,79,2.8,broken clouds
274,Stornoway,GB,58.2093,-6.3865,58.96,89,75,19.57,light intensity drizzle
275,Fare,PF,-16.7,-151.0167,78.15,71,1,8.99,clear sky
276,Emerald,AU,-23.5333,148.1667,58.8,73,72,3.11,broken clouds
277,Ust-Tsilma,RU,65.441,52.1498,72.48,47,88,1.63,overcast clouds
278,Kropotkin,RU,45.4375,40.5756,75.54,38,0,8.66,clear sky
279,Cottonwood,US,34.7392,-112.0099,93.06,14,0,1.99,clear sky
280,Lavrentiya,RU,65.5833,-171.0,47.55,84,100,6.73,overcast clouds
281,Labuhan,ID,-6.8844,112.2051,75.45,85,2,7.05,clear sky
282,Tucurui,BR,-3.7661,-49.6725,87.85,53,18,4.05,few clouds
283,Buraydah,SA,26.326,43.975,96.01,11,42,9.69,scattered clouds
284,Houma,US,29.5958,-90.7195,93.99,70,11,2.51,light rain
285,Tura,IN,25.5198,90.2201,76.78,88,26,3.98,scattered clouds
286,Ust-Kuyga,RU,70.0167,135.6,53.11,62,97,8.5,overcast clouds
287,Chatham,GB,51.3789,0.5279,79.25,44,24,5.99,few clouds
288,Murray Bridge,AU,-35.1167,139.2667,52.12,84,86,9.4,overcast clouds
289,Merrill,US,45.1805,-89.6835,80.37,69,75,3.44,broken clouds
290,Constantine,DZ,36.365,6.6147,85.41,48,40,13.8,scattered clouds
291,Malpe,IN,13.35,74.7167,76.3,90,100,12.95,light rain
292,Ambon,ID,-3.6954,128.1814,75.34,94,40,6.91,scattered clouds
293,Saint George,US,37.1041,-113.5841,90.63,13,0,5.01,clear sky
294,Port Hardy,CA,50.6996,-127.4199,59.18,88,100,2.3,light intensity shower rain
295,Juneau,US,58.3019,-134.4197,62.6,93,75,0.0,broken clouds
296,Chuy,UY,-33.6971,-53.4616,60.19,50,0,10.89,clear sky
297,Iqaluit,CA,63.7506,-68.5145,40.73,86,75,5.75,broken clouds
298,Comodoro Rivadavia,AR,-45.8667,-67.5,41.56,50,6,5.5,clear sky
299,Chicama,PE,-7.8447,-79.1469,70.92,61,32,8.23,scattered clouds
300,Bubaque,GW,11.2833,-15.8333,80.64,83,66,11.39,light rain
301,Longyan,CN,25.1072,117.0225,73.51,98,10,2.1,clear sky
302,Palamos,ES,41.8484,3.1291,88.0,58,0,5.01,clear sky
303,Grand Gaube,MU,-20.0064,57.6608,68.38,72,31,1.99,scattered clouds
304,Sassandra,CI,4.95,-6.0833,77.9,81,94,9.64,overcast clouds
305,Butia,BR,-30.1197,-51.9622,70.45,67,98,4.36,light rain
306,Almaznyy,RU,48.0448,40.045,76.03,32,0,9.57,clear sky
307,Port Augusta,AU,-32.5,137.7667,51.71,68,76,9.31,broken clouds
308,Cap Malheureux,MU,-19.9842,57.6142,68.47,72,26,3.0,scattered clouds
309,Nome,US,64.5011,-165.4064,56.16,94,100,3.44,light rain
310,Peleduy,RU,59.6289,112.7406,58.46,71,80,1.83,broken clouds
311,Port Hedland,AU,-20.3167,118.5667,53.65,58,0,8.05,clear sky
312,Yulara,AU,-25.2406,130.9889,43.43,51,0,10.18,clear sky
313,Avera,US,33.194,-82.5271,91.45,40,52,7.11,broken clouds
314,College,US,64.8569,-147.8028,64.29,81,75,5.75,smoke
315,Jardim,BR,-21.4803,-56.1381,88.5,21,3,10.2,clear sky
316,Labytnangi,RU,66.6572,66.4183,67.37,82,99,2.93,overcast clouds
317,Hambantota,LK,6.1241,81.1185,81.34,73,92,16.75,overcast clouds
318,Greensburg,US,40.3015,-79.5389,83.75,73,75,1.99,broken clouds
319,Qaqortoq,GL,60.7167,-46.0333,47.17,85,65,5.3,broken clouds
320,Nouadhibou,MR,20.931,-17.0347,71.87,73,28,29.21,scattered clouds
321,Asosa,ET,10.0667,34.5333,59.61,94,99,3.76,overcast clouds
322,Acapulco,MX,16.8634,-99.8901,85.06,66,93,3.47,overcast clouds
323,Tibu,CO,8.639,-72.7358,93.92,43,73,3.11,broken clouds
324,Vila,PT,42.0304,-8.1588,83.28,25,0,6.29,clear sky
325,Caravelas,BR,-17.7125,-39.2481,77.61,63,65,8.3,broken clouds
326,Ossora,RU,59.2353,163.0719,53.37,97,99,0.69,overcast clouds
327,Berlevag,NO,70.8578,29.0864,57.2,82,87,5.75,overcast clouds
328,Keuruu,FI,62.2667,24.7,59.81,90,100,6.62,overcast clouds
329,Bilibino,RU,68.0546,166.4372,51.24,73,100,3.0,overcast clouds
330,Contai,IN,21.7786,87.7536,84.63,82,78,10.47,broken clouds
331,Rovaniemi,FI,66.5,25.7167,54.81,94,100,5.75,light intensity shower rain
332,Salalah,OM,17.0151,54.0924,78.24,93,100,9.19,overcast clouds
333,Puerto Leguizamo,CO,-0.1934,-74.7819,89.62,50,22,0.87,few clouds
334,Kahului,US,20.8947,-156.47,78.84,73,20,16.11,few clouds
335,Olafsvik,IS,64.8945,-23.7142,48.33,93,100,21.52,overcast clouds
336,La Macarena,CO,2.1837,-73.7849,87.1,60,16,1.43,few clouds
337,Pangnirtung,CA,66.1451,-65.7125,49.91,62,45,4.76,scattered clouds
338,Horki,BY,54.2861,30.9842,63.93,80,95,2.17,overcast clouds
339,Belle Glade,US,26.6845,-80.6676,92.01,59,99,0.25,overcast clouds
340,Beloha,MG,-25.1667,45.05,67.05,64,0,7.36,clear sky
341,Rafaela,AR,-31.2503,-61.4867,64.99,8,0,8.01,clear sky
342,Pilar,BR,-9.5972,-35.9567,78.73,87,24,10.49,few clouds
343,Maniitsoq,GL,65.4167,-52.9,43.27,88,100,3.58,overcast clouds
344,Hammerfest,NO,70.6634,23.6821,57.65,72,75,8.05,broken clouds
345,Ponta Delgada,PT,37.7333,-25.6667,73.51,63,60,7.14,broken clouds
346,Limbang,MY,4.75,115.0,82.51,90,100,2.3,overcast clouds
347,Nanyamba,TZ,-10.6833,39.8333,67.95,81,14,6.69,few clouds
348,Namibe,AO,-15.1961,12.1522,66.15,86,4,6.06,clear sky
349,Stargard Szczecinski,PL,53.3367,15.0499,67.33,43,98,1.99,light rain
350,Fukue,JP,32.6881,128.8419,79.2,94,96,11.61,overcast clouds
351,Pirovskoye,RU,57.6267,92.2658,65.89,52,96,8.21,overcast clouds
352,Awjilah,LY,29.1081,21.2869,98.37,17,0,9.64,clear sky
353,Parli,IN,18.8486,76.5297,75.85,88,100,11.41,overcast clouds
354,Urucui,BR,-7.2294,-44.5561,95.63,26,8,10.65,clear sky
355,Yanam,IN,16.7333,82.2167,79.5,85,100,6.76,light rain
356,Praya,CV,14.9215,-23.5087,77.49,72,28,12.33,scattered clouds
357,Manica,FR,49.0,-1.1667,71.06,49,57,10.07,broken clouds
358,Khash,IR,28.2211,61.2158,82.74,24,70,12.8,broken clouds
359,Prince Rupert,CA,54.3161,-130.3201,55.49,94,100,2.3,overcast clouds
360,Trairi,BR,-3.2778,-39.2689,83.79,63,94,13.42,overcast clouds
361,Guerrero Negro,MX,27.9769,-114.0611,73.08,64,38,13.47,scattered clouds
362,Homer,US,59.6425,-151.5483,55.8,90,100,3.0,light rain
363,Sitka,US,57.0531,-135.33,57.09,88,75,5.75,mist
364,Yar-Sale,RU,66.8333,70.8333,64.78,86,63,9.37,moderate rain
365,Joigny,FR,47.9829,3.401,70.81,51,73,11.95,broken clouds
366,Port-Cartier,CA,50.0334,-66.8654,66.74,44,53,11.12,broken clouds
367,Vangaindrano,MG,-23.35,47.6,65.91,81,1,2.98,clear sky
368,Rocha,UY,-34.4833,-54.3333,55.47,42,0,15.93,clear sky
369,Ganzhou,CN,28.8184,115.4327,78.03,94,12,4.65,few clouds
370,Vanderhoof,CA,54.0166,-124.0198,62.42,68,100,5.08,overcast clouds
371,Noumea,NC,-22.2763,166.4572,75.99,99,43,3.31,scattered clouds
372,Meadow Lake,US,34.8014,-106.5436,87.4,38,3,5.59,clear sky
373,Minab,IR,27.1467,57.0801,86.94,71,75,5.3,broken clouds
374,Bayji,IQ,34.9311,43.487,99.55,11,0,12.12,clear sky
375,Lofthus,NO,59.9468,10.8018,72.66,42,70,5.1,broken clouds
376,Zhangjiakou,CN,40.81,114.8794,75.63,43,30,8.39,scattered clouds
377,Nouakchott,MR,18.0858,-15.9785,82.33,79,2,18.14,clear sky
378,Victoria Point,AU,-27.5833,153.3,57.9,83,0,5.99,clear sky
379,Cartagena,CO,10.3997,-75.5144,86.29,72,73,9.84,broken clouds
380,Healdsburg,US,38.6105,-122.8692,78.1,63,40,4.61,scattered clouds
381,Oktyabrskoye,RU,43.0645,44.7417,73.54,60,40,11.18,scattered clouds
382,Nanga Eboko,CM,4.6833,12.3667,73.72,87,84,2.75,light rain
383,Onega,RU,63.9061,38.1404,58.89,88,100,2.19,overcast clouds
384,Port Keats,AU,-14.25,129.55,61.75,41,61,9.95,broken clouds
385,Zharkovskiy,RU,55.849,32.2697,63.63,73,94,5.12,overcast clouds
386,Koumac,NC,-20.5667,164.2833,73.85,84,51,4.32,broken clouds
387,Nikki,BJ,9.9401,3.2108,91.33,43,98,2.33,overcast clouds
388,Cururupu,BR,-1.8283,-44.8683,87.04,52,3,8.46,clear sky
389,Namwala,ZM,-15.7504,26.4384,65.93,37,0,4.99,clear sky
390,Yumen,CN,40.2833,97.2,75.22,13,3,13.09,clear sky
391,Garoua,CM,9.3,13.4,88.54,51,40,4.18,scattered clouds
392,Caborca,MX,30.5838,-111.101,90.37,22,0,4.41,clear sky
393,Rawah,IQ,34.4816,41.9093,96.64,12,0,11.34,clear sky
394,Te Anau,NZ,-45.4167,167.7167,36.12,98,100,1.32,light rain
395,Bambanglipuro,ID,-7.95,110.2833,75.31,86,95,5.21,overcast clouds
396,Whitehorse,CA,60.7161,-135.0538,63.1,59,35,4.47,scattered clouds
397,Balestrand,NO,61.2076,6.5334,60.15,78,88,5.73,light rain
398,Oksbol,DK,55.6268,8.2876,63.91,76,14,26.22,few clouds
399,Castelfiorentino,IT,43.61,10.9692,90.72,47,20,10.16,few clouds
400,Irkutsk,RU,52.2978,104.2964,59.77,82,0,4.47,clear sky
401,Riyadh,SA,24.6877,46.7219,97.7,10,60,9.06,light rain
402,North Bend,US,43.4065,-124.2243,63.91,94,100,4.61,overcast clouds
403,Kargasok,RU,59.0556,80.8572,60.21,75,77,4.7,broken clouds
404,Campos,BR,-21.75,-41.3,82.45,44,0,16.11,clear sky
405,Cleveland,US,41.4995,-81.6954,81.99,65,0,9.22,clear sky
406,Taoudenni,ML,22.6783,-3.9836,114.48,8,7,3.6,clear sky
407,Galesong,ID,-5.3166,119.3661,73.42,85,93,10.16,overcast clouds
408,Leningradskiy,RU,69.3833,178.4167,34.88,85,95,6.02,overcast clouds
409,North Platte,US,41.1239,-100.7654,82.29,70,40,9.22,scattered clouds
410,Pocao De Pedras,BR,-4.6667,-44.85,90.68,43,10,7.0,clear sky
411,Potosi,BO,-19.5836,-65.7531,53.19,20,60,5.01,broken clouds
412,Lata,PT,40.1629,-8.3327,89.08,16,0,11.03,clear sky
413,Alappuzha,IN,9.49,76.3264,75.99,85,98,14.07,overcast clouds
414,Estacion Coahuila,MX,32.1939,-115.0017,94.3,31,0,7.45,clear sky
415,Dwarka,IN,22.2394,68.9678,80.98,89,100,22.75,overcast clouds
416,Xuddur,SO,4.1213,43.8894,77.49,54,100,18.95,overcast clouds
417,Novoilinsk,RU,51.6829,108.7143,56.84,75,32,3.24,scattered clouds
418,Winton,US,37.3894,-120.6133,75.22,53,0,10.36,clear sky
419,Bengkulu,ID,-3.8004,102.2655,76.84,91,13,3.18,few clouds
420,Alice Springs,AU,-23.7,133.8833,29.75,64,0,0.0,clear sky
421,Visby,SE,57.6409,18.296,62.82,94,40,9.22,drizzle
422,Zahesi,GE,41.8246,44.7536,76.71,45,4,4.27,clear sky
423,Genhe,CN,50.7833,121.5167,64.09,65,99,3.76,overcast clouds
424,Longyearbyen,SJ,78.2186,15.6401,49.84,53,20,16.11,few clouds
425,Lima,PE,-12.0432,-77.0282,67.89,70,100,9.22,overcast clouds
426,Narsaq,GL,60.9167,-46.05,53.82,81,74,7.23,broken clouds
427,Shirokiy,RU,49.758,129.523,66.83,98,100,6.29,light rain
428,Los Llanos De Aridane,ES,28.6585,-17.9182,71.35,81,40,18.41,scattered clouds
429,Arkhara,RU,49.4212,130.0842,66.51,96,100,4.45,overcast clouds
430,Oleksandrivka,UA,48.9634,32.2349,72.57,64,78,10.51,broken clouds
431,Manzil Salim,TN,35.8567,8.4765,77.04,49,62,11.61,light rain
432,Svetlogorsk,BY,52.6333,29.7333,66.11,60,99,8.16,overcast clouds
433,Moron,AR,-34.6534,-58.6198,56.01,37,1,9.33,clear sky
434,Uglegorsk,RU,49.0833,142.0333,61.92,95,92,8.72,overcast clouds
435,Ayagoz,KZ,47.9714,80.4392,69.53,43,82,16.37,light rain
436,Hay River,CA,60.8156,-115.7999,72.82,38,45,5.44,scattered clouds
437,Padang,ID,-0.9492,100.3543,77.5,85,18,3.8,few clouds
438,Hualmay,PE,-11.0964,-77.6139,66.11,68,58,6.31,broken clouds
439,Coihaique,CL,-45.5752,-72.0662,37.35,81,100,3.44,overcast clouds
440,Thongwa,MM,16.7619,96.5278,78.96,95,100,5.26,overcast clouds
441,San Cristobal,VE,7.7669,-72.225,82.58,57,41,7.94,scattered clouds
442,Yambio,SS,4.5721,28.3955,75.11,69,64,3.15,broken clouds
443,Kulhudhuffushi,MV,6.6221,73.07,81.64,83,100,15.3,light rain
444,Bandarbeyla,SO,9.4942,50.8122,75.99,81,18,35.97,few clouds
445,Anito,PH,12.4497,125.2886,76.86,91,87,2.3,overcast clouds
446,Igboho,NG,8.8333,3.75,81.27,68,93,5.84,overcast clouds
447,Izhma,RU,65.0083,53.9113,72.09,46,91,3.44,overcast clouds
448,Chapais,CA,49.7834,-74.8492,68.04,33,94,8.03,overcast clouds
449,Potiskum,NG,11.7091,11.0694,94.53,33,40,7.74,scattered clouds
450,Aguas Formosas,BR,-17.0822,-40.9358,83.89,37,8,6.76,clear sky
451,Chama,CH,47.1821,8.4636,73.26,63,75,4.14,broken clouds
452,Garh Maharaja,PK,30.8339,71.9053,101.86,34,26,5.03,scattered clouds
453,Abu Dhabi,AE,24.4667,54.3667,92.97,80,100,10.8,overcast clouds
454,Diamantino,BR,-14.4086,-56.4461,92.32,22,0,8.55,clear sky
455,Dimitrovgrad,RU,54.2139,49.6184,69.84,77,3,2.46,clear sky
456,Cherskiy,RU,68.75,161.3,51.58,58,100,4.54,overcast clouds
457,Roma,US,43.2128,-75.4557,79.95,53,40,6.91,scattered clouds
458,Mackenzie,CA,55.2999,-123.1698,61.02,82,100,11.5,overcast clouds
459,Marsh Harbour,BS,26.5412,-77.0636,82.74,65,74,11.39,broken clouds
460,Quesnel,CA,52.9999,-122.5029,59.5,88,100,2.3,mist
461,Kemijarvi,FI,66.7131,27.4306,54.79,72,100,6.15,light rain
462,Chepareria,KE,1.3077,35.2039,60.44,87,89,1.72,light rain
463,Trinidad,BO,-14.8333,-64.9,92.93,37,20,8.93,few clouds
464,Sibenik,HR,43.7272,15.9058,85.66,36,16,5.01,few clouds
465,Natal,BR,-5.795,-35.2094,83.05,83,75,11.5,broken clouds
466,Thompson,CA,55.7435,-97.8558,78.03,27,0,5.75,clear sky
467,Sao Joao Da Barra,BR,-21.6403,-41.0511,82.49,66,0,14.5,clear sky
468,Rapid Valley,US,44.0625,-103.1463,80.76,68,0,10.0,clear sky
469,Barra,BR,-11.0894,-43.1417,85.1,40,3,8.3,clear sky
470,Storforshei,NO,66.4043,14.5233,51.66,82,75,6.91,broken clouds
471,Tilichiki,RU,60.4667,166.1,49.46,97,100,3.58,overcast clouds
472,Elko,US,41.0002,-115.5012,84.74,18,0,15.01,clear sky
473,Dumbraveni,RO,46.2333,24.5667,74.32,47,78,4.5,broken clouds
474,Grand Baie,MU,-20.0182,57.5802,68.45,72,23,1.01,few clouds
475,Bonoua,CI,5.2741,-3.595,82.02,81,93,8.39,overcast clouds
476,Brae,GB,60.3964,-1.353,54.19,94,84,21.9,broken clouds
477,Kiunga,PG,-6.1219,141.2906,71.37,100,98,1.23,overcast clouds
478,Erzin,TR,36.9559,36.2,76.42,86,19,5.93,few clouds
479,Kysyl-Syr,RU,63.8986,122.7617,53.42,96,100,19.04,heavy intensity rain
480,Mosquera,CO,4.7059,-74.2302,64.49,55,75,8.05,broken clouds
481,Shahr-E Kord,IR,32.3256,50.8644,81.52,20,83,6.8,broken clouds
482,Codajas,BR,-3.8367,-62.0569,92.39,44,6,5.08,clear sky
483,Kismayo,SO,-0.3582,42.5454,76.41,78,29,18.1,scattered clouds
484,Tecoanapa,MX,16.5167,-98.75,87.82,55,100,2.89,overcast clouds
485,Pyinmana,MM,19.7333,96.2167,74.25,96,4,6.08,clear sky
486,Half Moon Bay,US,37.4636,-122.4286,72.57,79,75,18.41,mist
487,Pemangkat,ID,1.1667,108.9667,80.11,77,64,5.79,broken clouds
488,Enumclaw,US,47.2043,-121.9915,67.93,83,97,1.99,overcast clouds
489,Axim,GH,4.8699,-2.2405,78.13,80,85,9.82,overcast clouds
490,Bathsheba,BB,13.2167,-59.5167,88.41,79,20,20.71,few clouds
491,Menzelinsk,RU,55.7271,53.1026,64.44,83,0,5.66,clear sky
492,Sal Rei,CV,16.1833,-22.9167,74.62,85,18,17.36,few clouds
493,Salvador,SV,13.8333,-88.9167,82.44,64,49,3.18,scattered clouds
494,Sinaia,RO,45.35,25.55,67.89,87,17,1.48,few clouds
495,Sola,VU,-13.8833,167.55,80.67,78,93,16.08,overcast clouds
496,Laguna,US,38.421,-121.4238,75.34,65,0,6.91,clear sky
497,Ciulnita,RO,44.5333,27.35,72.61,44,99,12.62,overcast clouds
498,Makarska,HR,43.2969,17.0178,88.39,49,34,7.78,scattered clouds
499,Waipawa,NZ,-41.4122,175.5153,47.59,94,100,11.16,light rain
500,Gayeri,BF,12.6497,0.4931,97.79,30,88,1.72,overcast clouds
501,Batagay,RU,67.6333,134.6333,51.53,98,100,6.29,moderate rain
502,Bay City,US,43.5945,-83.8889,77.32,57,0,4.61,clear sky
503,Ihosy,MG,-22.4,46.1167,57.22,88,0,7.7,clear sky
504,Lebowakgomo,ZA,-24.2,29.5,54.05,57,0,1.25,clear sky
505,Nukus,UZ,42.4531,59.6103,75.18,29,0,2.3,clear sky
506,Kaeo,NZ,-35.1,173.7833,64.33,98,100,17.83,moderate rain
507,Sistranda,NO,63.7256,8.834,49.96,83,100,26.96,overcast clouds
508,Petropavlovsk-Kamchatskiy,RU,53.0452,158.6483,46.99,100,75,2.24,broken clouds
509,Tual,ID,-5.6667,132.75,78.78,79,99,18.3,overcast clouds
510,Kajaani,FI,64.2273,27.7285,57.25,88,100,4.61,light intensity shower rain
511,San Quintin,MX,30.4833,-115.95,71.6,69,55,9.13,broken clouds
512,Baculin,PH,7.4525,126.5842,77.14,90,85,6.58,light rain
513,Hereclean,RO,47.25,23.0167,75.79,30,90,9.22,overcast clouds
514,Khani,GE,41.9563,42.9566,67.57,74,2,3.56,clear sky
515,Muros,ES,42.7762,-9.0603,83.08,56,0,15.86,clear sky
516,Belmonte,BR,-15.8631,-38.8828,74.43,79,83,1.21,broken clouds
517,Katobu,ID,-4.9408,122.5276,72.61,95,57,3.31,broken clouds
518,Yuxia,CN,34.0615,108.6291,84.36,45,0,9.06,clear sky
519,Zhangye,CN,38.9342,100.4517,76.46,25,7,2.84,clear sky
520,Lodwar,KE,3.1191,35.5973,87.66,37,80,11.1,broken clouds
521,Amarillo,US,35.222,-101.8313,83.98,39,0,11.5,clear sky
522,Palmer,US,42.1584,-72.3287,82.44,49,40,6.91,scattered clouds
523,Lumut,MY,4.2323,100.6298,80.11,81,44,4.92,scattered clouds
524,Orotukan,RU,62.2667,151.7,68.97,72,8,10.42,clear sky
525,Angoche,MZ,-16.2325,39.9086,73.42,66,3,8.52,clear sky
526,Kirakira,SB,-10.4544,161.9205,78.98,85,91,8.37,overcast clouds
527,Flinders,AU,-34.5833,150.8552,50.18,78,60,7.0,broken clouds
528,Airai,TL,-8.9266,125.4092,54.48,94,51,2.55,broken clouds
529,Micheweni,TZ,-4.9667,39.8333,75.27,76,13,12.88,few clouds
530,Lethem,GY,3.3803,-59.7968,86.77,62,29,8.57,scattered clouds
531,Aksarka,RU,66.5606,67.7975,65.77,91,83,9.17,light rain
532,Rodrigues Alves,BR,-7.738,-72.6509,91.15,49,10,2.06,clear sky
533,Ornskoldsvik,SE,63.2909,18.7153,65.35,45,100,18.41,overcast clouds
534,Rio Grande,BR,-32.035,-52.0986,62.71,78,68,10.67,broken clouds
535,Rabak,SD,13.1809,32.74,80.74,66,97,16.26,overcast clouds
536,Kumluca,TR,36.3703,30.2869,83.8,55,1,3.11,clear sky
537,Muroto,JP,33.2833,134.15,77.81,85,99,4.45,overcast clouds
538,Yinchuan,CN,38.4681,106.2731,88.43,17,0,13.11,clear sky
539,Vestmanna,FO,62.1564,-7.1664,50.92,87,100,33.38,overcast clouds
540,Marzuq,YE,14.4,46.4667,85.14,34,100,1.48,overcast clouds
541,Grants,US,35.1473,-107.8514,77.23,27,4,3.44,clear sky
542,Saint-Joseph,RE,-21.3667,55.6167,70.18,73,54,15.05,broken clouds
543,Teguldet,RU,57.3064,88.1667,56.8,76,68,5.59,broken clouds
544,Severo-Zadonsk,RU,54.0348,38.4017,72.73,75,48,6.69,scattered clouds
545,Sakaiminato,JP,35.55,133.2333,76.41,81,100,3.06,overcast clouds
546,Hibbing,US,47.4272,-92.9377,76.57,69,40,8.05,scattered clouds
547,Kota Belud,MY,6.351,116.4305,78.1,81,99,4.23,overcast clouds
548,Lensk,RU,60.7253,114.9278,58.24,77,100,5.21,overcast clouds
549,Kununurra,AU,-15.7667,128.7333,48.18,87,5,0.0,clear sky
550,Bastia,FR,42.6667,9.3333,87.6,67,20,5.75,few clouds
551,Basco,PH,20.4487,121.9702,84.33,79,12,13.78,light rain
552,Saint-Pierre,RE,-21.3393,55.4781,71.28,72,75,18.41,broken clouds
553,Sao Joao Do Paraiso,BR,-15.3136,-42.0144,80.53,28,22,7.11,few clouds
554,Margate,GB,51.3813,1.3862,66.87,66,20,5.01,few clouds
555,Santa Maria,BR,-29.6842,-53.8069,72.57,61,75,4.16,broken clouds
556,Sept-Iles,CA,50.2001,-66.3821,67.05,56,45,10.0,scattered clouds
557,Naliya,IN,23.2667,68.8333,80.67,93,100,18.37,overcast clouds
558,Havoysund,NO,70.9963,24.6622,55.63,85,100,7.9,overcast clouds
559,Walvis Bay,NA,-22.9575,14.5053,60.1,60,3,16.11,clear sky
560,Sinnamary,GF,5.3833,-52.95,84.61,66,26,11.54,scattered clouds
561,Dingle,PH,10.9995,122.6711,76.5,93,99,1.74,overcast clouds
562,Tessalit,ML,20.1986,1.0114,106.75,9,2,11.05,clear sky
563,Nunoa,PE,-14.48,-70.6411,56.01,29,26,6.17,scattered clouds
564,Korla,CN,41.7597,86.1469,84.99,16,45,12.91,scattered clouds
565,Ballina,AU,-28.8667,153.5667,55.22,85,1,9.82,clear sky
566,Concordia,AR,-31.393,-58.0209,60.87,48,0,15.99,clear sky
567,Berezovka,BY,53.7214,25.4993,63.1,75,93,3.04,overcast clouds
568,Westport,US,41.1415,-73.3579,82.45,62,75,13.8,broken clouds
569,Batemans Bay,AU,-35.7167,150.1833,43.11,78,8,5.88,clear sky
570,Ketchikan,US,55.3422,-131.6461,57.67,94,100,6.91,light rain
571,Puerto El Triunfo,SV,13.2833,-88.55,90.52,59,30,5.28,scattered clouds
572,Cabo San Lucas,MX,22.8909,-109.9124,91.18,48,0,11.5,clear sky
573,Bosaso,SO,11.2842,49.1816,89.49,54,15,0.2,few clouds
574,Calama,CL,-22.4667,-68.9333,73.89,7,20,9.22,few clouds
575,Geraldton,AU,-28.7667,114.6,48.61,81,32,11.5,scattered clouds
576,Vostok,RU,46.4856,135.8833,65.64,97,100,2.77,overcast clouds
577,Vanavara,RU,60.34,102.2797,55.98,97,100,1.7,overcast clouds
578,Sao Gabriel Da Cachoeira,BR,-0.1303,-67.0892,85.41,72,21,0.98,few clouds
579,Gornozavodsk,RU,58.3758,58.3211,65.75,76,78,2.39,broken clouds
580,Santiago De Cao,PE,-7.9589,-79.2392,64.53,72,100,9.22,fog
581,Naron,ES,43.5167,-8.1528,82.04,65,2,17.16,clear sky
582,Iwanai,JP,42.9744,140.5089,62.47,98,27,7.45,scattered clouds
583,Yukhnov,RU,54.7444,35.2297,66.54,75,13,8.66,few clouds
584,Rognan,NO,67.0953,15.3878,50.88,79,100,5.39,overcast clouds
585,Gazojak,TM,41.1875,61.4036,79.12,22,0,11.81,clear sky
586,Port Shepstone,ZA,-30.7414,30.455,65.57,83,0,8.28,clear sky
587,Aktau,KZ,43.65,51.2,73.98,50,0,11.18,clear sky
588,Katsuura,JP,35.1333,140.3,71.87,87,24,13.11,few clouds
589,Hopkinsville,US,36.8656,-87.4886,96.84,67,9,6.15,clear sky
590,Yudong,CN,29.385,106.5194,83.52,69,3,2.66,clear sky
591,Ulaangom,MN,49.9811,92.0667,61.12,48,42,2.48,scattered clouds
592,Okhotsk,RU,59.3833,143.3,53.08,97,43,8.32,scattered clouds
593,Biryusinsk,RU,55.9634,97.8235,56.61,97,69,9.08,broken clouds
594,Abeche,TD,13.8292,20.8324,96.75,25,41,5.91,scattered clouds
595,Pacific Grove,US,36.6177,-121.9166,71.82,82,40,11.99,scattered clouds
596,Belaya Gora,RU,68.5333,146.4167,49.86,90,100,5.35,overcast clouds
597,Montepuez,MZ,-13.1256,38.9997,71.17,53,90,8.7,overcast clouds
598,Chara,RU,56.9064,118.2631,52.7,81,100,3.22,overcast clouds
599,Namatanai,PG,-3.6667,152.4333,77.94,83,87,8.99,light rain
600,Shetpe,KZ,44.1667,52.1167,81.1,24,0,7.23,clear sky
601,Bichura,RU,50.5881,107.6022,54.25,93,85,4.32,light rain
602,Ainazi,LV,57.8636,24.3578,64.22,69,41,7.52,scattered clouds
603,Tarbert,GB,55.8628,-5.4162,62.51,92,100,7.09,overcast clouds
604,Niksic,ME,42.7731,18.9445,78.66,37,59,8.48,broken clouds
605,Arlit,NE,18.7369,7.3853,103.84,7,0,12.84,clear sky
606,Tunyogmatolcs,HU,47.9667,22.4667,79.14,26,93,14.63,overcast clouds
607,Kautokeino,NO,69.0125,23.0412,59.67,48,73,14.65,light rain
608,Birao,CF,10.2849,22.7882,75.94,86,87,14.85,moderate rain
609,Yermakovskoye,RU,53.2831,92.4003,57.02,90,100,1.99,light rain
610,Akdepe,TM,42.0551,59.3788,76.55,28,3,13.69,clear sky
611,Shajapur,IN,23.4333,76.2667,80.56,79,99,13.87,light rain
612,Zavodoukovsk,RU,56.5042,66.5515,61.63,90,33,4.85,scattered clouds
613,Matara,LK,5.9485,80.5353,79.41,83,100,10.33,overcast clouds
614,New Braunfels,US,29.703,-98.1245,96.03,53,40,13.8,scattered clouds
615,Itoman,JP,26.1247,127.6694,82.42,94,20,4.61,few clouds
616,Poum,NC,-20.2333,164.0167,76.26,88,37,13.76,scattered clouds
617,Halifax,CA,44.6453,-63.5724,73.69,48,31,15.99,scattered clouds
618,Hede,CN,33.7681,120.2517,80.01,78,24,3.83,few clouds
619,Traiguen,CL,-38.25,-72.6833,44.37,86,100,2.95,overcast clouds
620,Petrovsk-Zabaykalskiy,RU,51.273,108.843,51.73,85,43,4.23,scattered clouds
621,Zhigansk,RU,66.7697,123.3711,51.31,76,100,26.93,light rain
622,Zaria,NG,11.1113,7.7227,86.65,49,23,7.9,few clouds
623,Den Helder,NL,52.9599,4.7593,61.99,66,100,10.36,overcast clouds
624,Yakeshi,CN,49.2833,120.7333,68.13,51,100,3.65,light rain
625,Krasnoselkup,RU,65.7,82.4667,57.18,65,96,6.82,overcast clouds
626,La Ronge,CA,55.1001,-105.2842,68.02,41,25,4.65,scattered clouds
627,Hoi An,VN,15.8794,108.335,80.56,91,100,7.07,overcast clouds
628,Opuwo,NA,-18.0607,13.84,69.57,23,0,9.04,clear sky
629,Bagru,IN,26.8088,75.5423,86.34,41,62,8.25,broken clouds
630,Kalmunai,LK,7.4167,81.8167,83.26,68,100,0.72,overcast clouds
631,Tarpa,HU,48.1048,22.5374,77.81,29,94,13.89,overcast clouds
632,Fonte Boa,BR,-2.4959,-66.2662,89.02,58,19,2.51,few clouds
633,Sorland,NO,67.667,12.6934,49.86,81,100,20.49,overcast clouds
634,Poronaysk,RU,49.2167,143.1167,59.07,96,24,3.49,few clouds
635,Kotka,FI,60.4664,26.9458,69.06,70,16,18.95,few clouds
636,Abalak,RU,58.1286,68.5944,61.81,77,56,4.72,broken clouds
637,Gat,IL,31.61,34.7642,81.81,28,0,6.82,clear sky
638,Rawson,AR,-43.3002,-65.1023,46.47,38,1,16.33,clear sky
639,Haapiti,PF,-17.5667,-149.8667,76.73,71,11,13.11,light rain
640,Ternate,ID,0.8,127.4,79.3,82,100,5.66,overcast clouds
641,Inhambane,MZ,-23.865,35.3833,65.64,73,0,4.92,clear sky
642,Kangaatsiaq,GL,68.3065,-53.4641,39.06,90,100,6.15,overcast clouds
643,Pangkalanbuun,ID,-2.6833,111.6167,74.82,93,96,1.97,overcast clouds
644,Pizarro,CO,4.9533,-77.366,80.89,82,37,7.99,light rain
645,Lorengau,PG,-2.0226,147.2712,80.26,79,99,8.79,overcast clouds
646,Vidim,RU,56.4088,103.1106,56.46,98,93,3.65,light rain
647,Banes,CU,20.9625,-75.7186,85.66,66,28,13.51,scattered clouds
648,Ambilobe,MG,-13.2,49.05,68.27,77,0,4.52,clear sky
649,Banda Aceh,ID,5.5577,95.3222,80.6,77,88,13.38,overcast clouds
650,Arcata,US,40.8665,-124.0828,65.68,79,100,5.75,overcast clouds
651,Novaya Ladoga,RU,60.1025,32.3019,60.89,88,83,8.34,broken clouds
652,Kolaras,IN,25.2333,77.6,88.11,59,86,4.56,overcast clouds
653,Skibbereen,IE,51.55,-9.2667,71.11,69,18,6.02,few clouds
654,Methoni,GR,36.8197,21.7049,87.22,67,0,4.23,clear sky
655,Mecca,SA,21.4267,39.8261,92.03,23,30,10.4,scattered clouds
656,Mpanda,TZ,-6.3655,31.0409,69.04,33,18,3.96,few clouds
657,Casa Nova,BR,-9.4167,-41.1333,81.82,50,90,17.58,overcast clouds
658,Cattolica,IT,43.9575,12.7376,83.88,60,20,8.01,few clouds
659,Emmett,US,43.8735,-116.4993,81.21,48,7,4.94,clear sky
660,Vila Franca Do Campo,PT,37.7167,-25.4333,73.2,67,82,9.17,broken clouds
661,Evensk,RU,61.95,159.2333,47.86,98,100,3.8,overcast clouds
662,Hare Bay,CA,48.8499,-54.0148,61.2,91,100,5.32,overcast clouds
663,Dawei,MM,14.0833,98.2,78.37,90,100,1.01,overcast clouds
664,Huai Thalaeng,TH,14.997,102.6475,79.92,76,100,7.76,heavy intensity rain
665,Sambava,MG,-14.2667,50.1667,70.14,83,12,16.2,light rain
666,Murmashi,RU,68.8154,32.8115,66.61,45,0,4.47,clear sky
667,Saint-Francois,FR,46.4154,3.9054,74.64,53,100,13.8,overcast clouds
668,Bara,NG,10.3744,10.7288,85.12,58,55,8.19,light rain
669,Ewo,CG,-0.8725,14.8206,87.33,38,68,1.66,broken clouds
670,Maryville,US,35.7565,-83.9705,80.74,88,100,4.61,overcast clouds
671,Dalvik,IS,65.9702,-18.5286,53.17,87,100,6.89,overcast clouds
672,Isiro,CD,2.7739,27.616,70.43,84,78,0.6,light rain
673,Pijijiapan,MX,15.7011,-93.23,87.84,61,99,4.0,overcast clouds
674,Port Blair,IN,11.6667,92.75,78.84,94,75,2.3,mist
675,Codrington,AU,-38.2667,141.9667,51.39,68,94,20.51,overcast clouds
676,Gimli,CA,50.6336,-96.9907,62.33,80,97,10.04,overcast clouds
677,Sacramento,US,38.4666,-121.3177,76.87,66,0,6.91,clear sky
678,Kenai,US,60.5544,-151.2583,56.08,94,100,6.91,light rain
679,Kungurtug,RU,50.5994,97.5228,46.94,91,88,2.17,overcast clouds
680,Biak,ID,-0.9131,122.8766,74.88,87,100,4.07,moderate rain
681,Tromso,NO,69.6496,18.957,51.82,82,75,12.66,light rain
682,Abu Zabad,SD,12.35,29.25,77.0,70,100,3.31,light rain
683,Arani,IN,12.6667,79.2833,80.89,68,100,11.5,overcast clouds
684,Mitsamiouli,KM,-11.3847,43.2844,76.75,66,22,12.39,few clouds
685,Alta Floresta,BR,-9.8756,-56.0861,93.52,27,3,6.91,clear sky
686,Jiuquan,CN,39.7432,98.5174,75.54,17,0,7.31,clear sky
687,Calatayud,ES,41.3535,-1.6432,79.72,37,0,19.06,clear sky
688,Havre-Saint-Pierre,CA,50.2334,-63.5986,62.46,56,30,19.84,scattered clouds
